업태구분명,소재지전체주소
호프/통닭,서울특별시 종로구 낙원동 198 금강빌딩 
호프/통닭,서울특별시 종로구 명륜2가 184 
호프/통닭,서울특별시 종로구 명륜4가 11-2 
호프/통닭,서울특별시 종로구 종로3가 132-1 
호프/통닭,서울특별시 종로구 무악동 89 경희궁 롯데캐슬 
호프/통닭,서울특별시 종로구 묘동 175 이화빌딩 
통닭(치킨),서울특별시 종로구 인사동 208-0 
호프/통닭,서울특별시 종로구 관수동 120번지 
호프/통닭,서울특별시 종로구 관철동 6-6 
호프/통닭,서울특별시 종로구 숭인동 1368 숭인한성아펠시티 
호프/통닭,서울특별시 종로구 숭인동 201-4 
호프/통닭,서울특별시 종로구 관철동 13-9번지 
호프/통닭,서울특별시 종로구 관철동 19-6 
호프/통닭,서울특별시 종로구 동숭동 1-65번지 
호프/통닭,서울특별시 종로구 익선동 106-0번지 
호프/통닭,서울특별시 종로구 송월동 60-5번지 
호프/통닭,서울특별시 종로구 무악동 67-2번지 
호프/통닭,서울특별시 종로구 인사동 37번지 3층 
호프/통닭,서울특별시 종로구 혜화동 143-2번지 
호프/통닭,서울특별시 종로구 동숭동 1-35번지 지상4층 
호프/통닭,서울특별시 종로구 낙원동 227번지 
호프/통닭,서울특별시 종로구 돈의동 153번지 
통닭(치킨),서울특별시 종로구 체부동 39-2번지 지상1층 
호프/통닭,서울특별시 종로구 교북동 75번지 
호프/통닭,서울특별시 종로구 효제동 174-2 
통닭(치킨),서울특별시 종로구 명륜2가 21-18번지 지상1층 
호프/통닭,서울특별시 종로구 돈의동 107번지 (지상1층) 
호프/통닭,서울특별시 종로구 관철동 14-3번지 
호프/통닭,서울특별시 종로구 낙원동 159번지 지상1층 
호프/통닭,서울특별시 종로구 당주동 160-0 변호사회관 지하동 1-33호
호프/통닭,서울특별시 종로구 종로4가 59-2번지 
호프/통닭,서울특별시 종로구 관철동 43-7 지상2층 
호프/통닭,서울특별시 종로구 창신동 561-2번지 
호프/통닭,서울특별시 종로구 혜화동 167-3 
호프/통닭,서울특별시 종로구 관철동 18-9 
호프/통닭,서울특별시 종로구 숭인동 313-14번지 
호프/통닭,서울특별시 종로구 돈의동 51 
호프/통닭,서울특별시 종로구 신문로1가 156-0 
호프/통닭,서울특별시 종로구 혜화동 16-9 
호프/통닭,서울특별시 종로구 사직동 304-15 
호프/통닭,서울특별시 종로구 종로1가 24번지 르메이에르종로타운1 
호프/통닭,서울특별시 종로구 종로1가 24번지 르메이에르종로타운1 
호프/통닭,서울특별시 종로구 숭인동 218 
통닭(치킨),서울특별시 종로구 숭인동 76 롯데캐슬상가 116호
호프/통닭,서울특별시 종로구 명륜3가 148-1 지상1층 
호프/통닭,서울특별시 종로구 내자동 11-1번지 
호프/통닭,서울특별시 종로구 관철동 18-9번지 18-8 
호프/통닭,서울특별시 종로구 효제동 217-0번지 
통닭(치킨),서울특별시 종로구 창신동 464-6번지 2층 
호프/통닭,서울특별시 종로구 창신동 561-1 
호프/통닭,서울특별시 종로구 신문로2가 12-5 지하1층 
호프/통닭,서울특별시 종로구 묘동 100 (지상1층) 
호프/통닭,서울특별시 종로구 통의동 66-0 
호프/통닭,서울특별시 종로구 인사동 209-0번지 
호프/통닭,서울특별시 종로구 관철동 43-6번지 
호프/통닭,서울특별시 종로구 낙원동 192번지 지상1~2층 
통닭(치킨),서울특별시 종로구 통인동 147-2 지하1층 
호프/통닭,서울특별시 종로구 명륜4가 46-1 
호프/통닭,서울특별시 종로구 인사동 102-0번지 
호프/통닭,서울특별시 종로구 관훈동 123-4 
통닭(치킨),서울특별시 종로구 재동 88번지 
호프/통닭,서울특별시 종로구 인의동 111-7 지상1층 
호프/통닭,서울특별시 종로구 창신동 534 
호프/통닭,서울특별시 종로구 종로5가 245-0번지 
호프/통닭,서울특별시 종로구 인사동 72-0번지 지상2층 
호프/통닭,서울특별시 종로구 동숭동 1-55번지 2층 
호프/통닭,서울특별시 종로구 동숭동 1-27 1.2층 
호프/통닭,서울특별시 종로구 종로1가 24 B113-5 
호프/통닭,서울특별시 종로구 종로5가 116번지 1층 
통닭(치킨),서울특별시 종로구 효제동 330 1층 
호프/통닭,서울특별시 종로구 숭인동 183-1 1층 
호프/통닭,서울특별시 종로구 익선동 166-57 1층 
호프/통닭,서울특별시 종로구 명륜2가 24-1 지상2층 
통닭(치킨),서울특별시 종로구 내자동 178-2번지 
통닭(치킨),서울특별시 종로구 통의동 67-3번지 2층 
호프/통닭,서울특별시 종로구 관철동 19-20번지 3층 
호프/통닭,서울특별시 종로구 명륜4가 113-1 지상1층 
통닭(치킨),서울특별시 종로구 효제동 318-1번지 지상1층 
호프/통닭,서울특별시 종로구 연건동 76번지 
호프/통닭,서울특별시 종로구 관철동 155 지상1층 101호
호프/통닭,서울특별시 종로구 명륜2가 216-2 지하1층 
통닭(치킨),서울특별시 종로구 명륜1가 10-27번지 지상1층 
호프/통닭,서울특별시 종로구 명륜3가 82-3 
호프/통닭,서울특별시 종로구 무악동 45-65번지 
호프/통닭,서울특별시 종로구 숭인동 72-71번지 
호프/통닭,서울특별시 종로구 관철동 13-8 1층 
호프/통닭,서울특별시 종로구 명륜4가 60-1번지 
호프/통닭,서울특별시 종로구 부암동 254-5번지 
호프/통닭,서울특별시 종로구 효제동 232 2층 
호프/통닭,서울특별시 종로구 숭인동 1081번지 
호프/통닭,서울특별시 종로구 관철동 산 19-9 5층 
호프/통닭,서울특별시 종로구 관철동 13-8 2.3.4층 
통닭(치킨),서울특별시 종로구 숭인동 313-7 외1필지 
호프/통닭,서울특별시 종로구 익선동 166-45 
호프/통닭,서울특별시 종로구 관철동 43-8번지 
호프/통닭,서울특별시 종로구 관철동 13-9 3층 
호프/통닭,"서울특별시 종로구 체부동 195번지 1,2층 "
호프/통닭,서울특별시 종로구 종로2가 102-1 2층 
호프/통닭,서울특별시 종로구 숭인동 65-12 지상1층 
호프/통닭,서울특별시 종로구 관철동 155번지 1층 102호
호프/통닭,서울특별시 종로구 부암동 263-1 1층 
호프/통닭,서울특별시 종로구 내자동 11-1번지 2층 
통닭(치킨),서울특별시 종로구 숭인동 1410번지 
호프/통닭,서울특별시 종로구 관철동 13-9 1층 
호프/통닭,서울특별시 종로구 평창동 182-2번지 지하1층 
통닭(치킨),서울특별시 종로구 명륜4가 118-9 지층 
호프/통닭,서울특별시 종로구 숭인동 1061번지 지상2층 
통닭(치킨),서울특별시 종로구 낙원동 141번지 
호프/통닭,서울특별시 종로구 관철동 19-7번지 지상1층 
호프/통닭,서울특별시 종로구 창신동 630-1번지 지하1층 
통닭(치킨),서울특별시 종로구 종로1가 24번지 르메이에르 지하1층 123호 
호프/통닭,서울특별시 종로구 관수동 43-2 (지상1층) 
호프/통닭,서울특별시 종로구 관철동 37-2 지상1층 
호프/통닭,서울특별시 종로구 돈의동 137번지 지상9층 
호프/통닭,서울특별시 종로구 돈의동 102 (지상2층) 
호프/통닭,서울특별시 종로구 숭인동 266번지 
호프/통닭,서울특별시 종로구 숭인동 1236번지 지상1층 
호프/통닭,서울특별시 종로구 공평동 130-1번지 
호프/통닭,서울특별시 종로구 창신동 583-20번지 (지상1층) 
호프/통닭,서울특별시 종로구 숭인동 81-22번지 지상2층 
통닭(치킨),서울특별시 종로구 창신동 580-1번지 지상1층 
호프/통닭,서울특별시 종로구 무악동 63-4번지 1층 7호 
호프/통닭,서울특별시 종로구 창신동 17-29 새마을금고 
호프/통닭,서울특별시 종로구 신문로1가 7-5 1층 
호프/통닭,서울특별시 종로구 명륜4가 164-1번지 
호프/통닭,서울특별시 종로구 신문로1가 238 지하1층 37호 
호프/통닭,서울특별시 종로구 통인동 76-3번지 지하1층 
호프/통닭,서울특별시 종로구 창신동 627-19번지 (지하1층) 
호프/통닭,서울특별시 종로구 효제동 233-2 1층 
호프/통닭,서울특별시 종로구 종로2가 40 1층 
호프/통닭,서울특별시 종로구 관철동 43-6번지 
통닭(치킨),서울특별시 종로구 창신동 498 지상1층 
통닭(치킨),"서울특별시 종로구 무악동 45-60번지 외2필지(45-61,45-424)지상1층 "
통닭(치킨),서울특별시 종로구 숭인동 1075 1층 
호프/통닭,서울특별시 종로구 권농동 168번지 
호프/통닭,서울특별시 종로구 관철동 19-12번지 
호프/통닭,서울특별시 종로구 명륜2가 168-1 1층 
호프/통닭,서울특별시 종로구 관수동 149-1번지 지상1층 
통닭(치킨),서울특별시 종로구 내수동 75번지 용비어천가 지상1층 105호 
호프/통닭,서울특별시 종로구 창신동 580-3 
통닭(치킨),서울특별시 종로구 명륜1가 83-5번지 
호프/통닭,서울특별시 종로구 명륜4가 85-9번지 1층 
호프/통닭,서울특별시 종로구 돈의동 93-6번지 
호프/통닭,서울특별시 종로구 창신동 643번지 지하1층 
호프/통닭,서울특별시 종로구 명륜3가 134-2번지 지상1층 
호프/통닭,서울특별시 종로구 부암동 258-3 
호프/통닭,서울특별시 종로구 창신동 633-6 (지하1층) 
호프/통닭,서울특별시 종로구 창신동 633-24번지 (1층) 
호프/통닭,서울특별시 종로구 평동 233번지 경희궁자이 3단지 
호프/통닭,서울특별시 종로구 종로5가 2-5 
호프/통닭,"서울특별시 종로구 낙원동 93번지 외1필지, 2층 1호"
통닭(치킨),서울특별시 종로구 숭인동 183-9 
호프/통닭,서울특별시 종로구 청진동 11-6번지 
호프/통닭,서울특별시 종로구 동숭동 1-73번지 (지상2층) 
호프/통닭,서울특별시 종로구 낙원동 202 
호프/통닭,서울특별시 종로구 청진동 191-2 
호프/통닭,서울특별시 종로구 종로5가 246-2 
호프/통닭,서울특별시 종로구 동숭동 1-100번지 3층 
호프/통닭,서울특별시 종로구 와룡동 173 1층 
호프/통닭,서울특별시 종로구 동숭동 1-78번지 지상5층 
호프/통닭,서울특별시 종로구 낙원동 161 (지하1층) 
호프/통닭,서울특별시 종로구 교남동 45-2 1층 
호프/통닭,서울특별시 종로구 동숭동 1-27 
호프/통닭,서울특별시 종로구 낙원동 218-1 지상4층 
통닭(치킨),서울특별시 종로구 통의동 49-1 
호프/통닭,서울특별시 종로구 묘동 149-1 태종빌딩 
호프/통닭,서울특별시 종로구 관철동 12-2번지 5층 
호프/통닭,서울특별시 종로구 낙원동 150-1 파고다빌딩 1층 
호프/통닭,서울특별시 종로구 체부동 190번지 
호프/통닭,서울특별시 종로구 낙원동 136번지 (지상1층) 
호프/통닭,서울특별시 종로구 돈의동 160번지 
호프/통닭,서울특별시 종로구 창신동 392-1번지 
호프/통닭,서울특별시 종로구 낙원동 121-1 지상1층 
호프/통닭,서울특별시 종로구 관훈동 198-11번지 (지상1층) 
호프/통닭,서울특별시 종로구 무악동 89 경희궁 롯데캐슬 
호프/통닭,서울특별시 종로구 명륜4가 8-1번지 
호프/통닭,서울특별시 종로구 창신동 676-1번지 
통닭(치킨),서울특별시 종로구 교남동 96번지 
통닭(치킨),서울특별시 종로구 창신동 17-12번지 지상1층 
호프/통닭,서울특별시 종로구 행촌동 171-176 
호프/통닭,서울특별시 종로구 관철동 45-2 
호프/통닭,서울특별시 종로구 무악동 46 경희궁 롯데캐슬 
호프/통닭,서울특별시 종로구 홍파동 199 경희궁자이 2단지 
호프/통닭,서울특별시 종로구 수송동 71-1 삼성빌딩 3층 
호프/통닭,서울특별시 종로구 관철동 18-8 
호프/통닭,서울특별시 종로구 관철동 12-16번지 
호프/통닭,서울특별시 종로구 창신동 651-26번지 
호프/통닭,서울특별시 종로구 낙원동 236-1번지 낙원빌딩 
호프/통닭,서울특별시 종로구 구기동 85-9 인왕빌딩 
호프/통닭,서울특별시 종로구 신문로1가 135-2 
호프/통닭,서울특별시 종로구 구기동 85-2 1층 
호프/통닭,서울특별시 종로구 수송동 58 두산위브파빌리온 
호프/통닭,서울특별시 종로구 명륜2가 34 2층 
호프/통닭,서울특별시 종로구 동숭동 1-59 1층 
호프/통닭,서울특별시 종로구 낙원동 187 대한빌딩 1층 102호
호프/통닭,서울특별시 종로구 낙원동 229 2층 
호프/통닭,서울특별시 종로구 도렴동 60번지 지하1층 16호호
통닭(치킨),서울특별시 종로구 관수동 161-12번지 지상1층 
호프/통닭,서울특별시 종로구 돈의동 37 삼창빌딩 
호프/통닭,서울특별시 종로구 낙원동 127-3 
호프/통닭,서울특별시 종로구 관철동 13-2 
호프/통닭,서울특별시 종로구 옥인동 110 
호프/통닭,서울특별시 종로구 관철동 10-23번지 1층 
호프/통닭,서울특별시 종로구 동숭동 1-63 
통닭(치킨),서울특별시 종로구 숭인동 296-21번지 
호프/통닭,서울특별시 종로구 관철동 19-1 해덕빌딩 
호프/통닭,서울특별시 종로구 창신동 23-76번지 브라운스톤 창신 
호프/통닭,서울특별시 종로구 수송동 16-1 
호프/통닭,서울특별시 종로구 창신동 81-9번지 
호프/통닭,서울특별시 종로구 창신동 23-76번지 브라운스톤 창신 
호프/통닭,서울특별시 종로구 신문로2가 25번지 
호프/통닭,서울특별시 종로구 명륜4가 61-3 
호프/통닭,서울특별시 종로구 동숭동 1-105 
호프/통닭,서울특별시 종로구 숭인동 1047 1층 
호프/통닭,서울특별시 종로구 창신동 519-1 2층 
호프/통닭,서울특별시 종로구 돈의동 37 삼창빌딩 
호프/통닭,서울특별시 종로구 창신동 212 
호프/통닭,서울특별시 종로구 창신동 213 
통닭(치킨),서울특별시 종로구 숭인동 397 1층 
호프/통닭,서울특별시 종로구 창신동 330-2 
호프/통닭,서울특별시 종로구 숭인동 326번지 이화장여관 
호프/통닭,서울특별시 종로구 행촌동 209-69 대신빌딩 1층 
호프/통닭,서울특별시 종로구 창신동 582-29 
호프/통닭,서울특별시 종로구 운니동 98-20 로얄창덕궁빌딩 702호
호프/통닭,서울특별시 종로구 관철동 19-22 
호프/통닭,서울특별시 종로구 동숭동 1-61 1층 
호프/통닭,서울특별시 종로구 관철동 18-3 
호프/통닭,서울특별시 종로구 돈의동 46-1 
호프/통닭,서울특별시 종로구 관철동 12-15번지 (3층) 
통닭(치킨),서울특별시 종로구 창신동 138-89번지 지하1층 
통닭(치킨),서울특별시 종로구 당주동 171번지 (지상1층) 
호프/통닭,서울특별시 종로구 종로5가 42-1 신화빌딩 
호프/통닭,서울특별시 종로구 내자동 197 
호프/통닭,"서울특별시 종로구 창신동 176 1,2층 "
호프/통닭,서울특별시 종로구 관철동 19-4 1~2층 
호프/통닭,서울특별시 종로구 화동 87-1 2층 
호프/통닭,서울특별시 종로구 창신동 581-21 
호프/통닭,서울특별시 종로구 숭인동 72-86 
호프/통닭,서울특별시 종로구 누하동 31 1층 
호프/통닭,"서울특별시 종로구 종로5가 398-20 1,2층 "
호프/통닭,서울특별시 종로구 낙원동 159 대원빌딩 1층 
호프/통닭,서울특별시 종로구 명륜2가 116 
호프/통닭,서울특별시 종로구 내자동 163 2층 
호프/통닭,서울특별시 종로구 창신동 302-5 
호프/통닭,서울특별시 종로구 숭인동 1263 수도회화전문확원 
호프/통닭,서울특별시 종로구 창신동 583-95번지 
호프/통닭,서울특별시 종로구 종로5가 249번지 
호프/통닭,"서울특별시 종로구 관철동 7-4 1, 2층 "
호프/통닭,서울특별시 종로구 종로5가 27-1 1층 
호프/통닭,서울특별시 종로구 창신동 406-1 2층 
호프/통닭,서울특별시 종로구 묘동 175 이화빌딩 
호프/통닭,서울특별시 종로구 청진동 165-5번지 
호프/통닭,서울특별시 종로구 관수동 21-2번지 
호프/통닭,서울특별시 종로구 혜화동 89-1 
호프/통닭,서울특별시 종로구 관훈동 155-2 
호프/통닭,서울특별시 종로구 종로5가 398-16번지 
호프/통닭,서울특별시 종로구 창신동 433-1번지 
호프/통닭,서울특별시 종로구 통의동 35-97번지 
호프/통닭,서울특별시 종로구 명륜3가 1-215번지 
호프/통닭,서울특별시 종로구 창신동 687-4 
통닭(치킨),서울특별시 종로구 동숭동 1-58 
호프/통닭,서울특별시 종로구 명륜2가 195-11번지 지상1층 
호프/통닭,서울특별시 종로구 관철동 10-2번지 
호프/통닭,서울특별시 종로구 사직동 217-1번지 
호프/통닭,서울특별시 종로구 명륜2가 143-9번지 2층 
호프/통닭,서울특별시 종로구 평창동 325 
호프/통닭,서울특별시 종로구 종로3가 6번지 
호프/통닭,서울특별시 종로구 돈의동 170-0번지 
호프/통닭,서울특별시 종로구 관철동 19-20번지 
호프/통닭,서울특별시 종로구 명륜2가 39-0번지 
호프/통닭,서울특별시 종로구 창신동 217-1번지 
호프/통닭,서울특별시 종로구 도렴동 60번지 지하1층 43호 
호프/통닭,서울특별시 종로구 숭인동 217-9번지 
호프/통닭,서울특별시 종로구 도렴동 115-4번지 
호프/통닭,서울특별시 종로구 관철동 7-17번지 
호프/통닭,서울특별시 종로구 창신동 583-6번지 
통닭(치킨),서울특별시 종로구 숭인동 202-3번지 지상1층 
호프/통닭,서울특별시 종로구 혜화동 136번지 
호프/통닭,서울특별시 종로구 교북동 12-15번지 
호프/통닭,서울특별시 종로구 낙원동 194번지 덕우빌딩 
호프/통닭,서울특별시 종로구 돈의동 152-2번지 
호프/통닭,서울특별시 종로구 동숭동 1-96번지 
호프/통닭,서울특별시 종로구 동숭동 1-48번지 
호프/통닭,서울특별시 종로구 부암동 185-5번지 
호프/통닭,서울특별시 종로구 종로3가 6번지 
호프/통닭,서울특별시 종로구 적선동 97번지 
호프/통닭,서울특별시 종로구 숭인동 65-22번지 
호프/통닭,서울특별시 종로구 명륜2가 24-4번지 
호프/통닭,서울특별시 종로구 홍지동 46-1번지 지상1층 
호프/통닭,서울특별시 종로구 숭인동 1262번지 
호프/통닭,서울특별시 종로구 명륜2가 176번지 
호프/통닭,서울특별시 종로구 신영동 239-1번지 
호프/통닭,서울특별시 종로구 당주동 5-0 지하1층 
호프/통닭,서울특별시 종로구 삼청동 37번지 
호프/통닭,서울특별시 종로구 명륜2가 202번지 
호프/통닭,서울특별시 종로구 숭인동 191번지 
호프/통닭,서울특별시 종로구 창신동 81-8번지 
호프/통닭,서울특별시 종로구 관철동 19-11 
호프/통닭,서울특별시 종로구 내자동 11-1번지 
호프/통닭,서울특별시 종로구 당주동 100번지 지하 105호 
호프/통닭,서울특별시 종로구 종로5가 75-1번지 
호프/통닭,서울특별시 종로구 당주동 168-0 
호프/통닭,서울특별시 종로구 청진동 1-1번지 
호프/통닭,서울특별시 종로구 필운동 206-0번지 
호프/통닭,서울특별시 종로구 명륜2가 181 지하1층 
호프/통닭,서울특별시 종로구 관철동 11-18 
호프/통닭,서울특별시 종로구 창신동 697-3 동원빌딩 1층 
호프/통닭,서울특별시 종로구 종로6가 205-3번지 
호프/통닭,서울특별시 종로구 운니동 57 지상1층 
호프/통닭,서울특별시 종로구 명륜4가 8-1번지 
통닭(치킨),서울특별시 종로구 통인동 137-11번지 
호프/통닭,서울특별시 종로구 신문로1가 31-0번지 
호프/통닭,서울특별시 종로구 돈의동 50번지 지상1층 
호프/통닭,서울특별시 종로구 관철동 45-8번지 
호프/통닭,서울특별시 종로구 숭인동 313-16번지 
호프/통닭,서울특별시 종로구 관철동 45-8번지 
호프/통닭,서울특별시 종로구 창신동 691-0번지 
통닭(치킨),서울특별시 종로구 창신동 635-8번지 
호프/통닭,서울특별시 종로구 홍지동 127-22번지 
호프/통닭,서울특별시 종로구 필운동 108-4번지 1 
호프/통닭,서울특별시 종로구 필운동 108번지 1층 
호프/통닭,서울특별시 종로구 종로5가 88-4 2층 
호프/통닭,서울특별시 종로구 돈의동 68-102번지 동의빌딩 
호프/통닭,서울특별시 종로구 숭인동 766 종로청계힐스테이트 
호프/통닭,서울특별시 종로구 홍지동 46-1번지 
호프/통닭,서울특별시 종로구 부암동 385 지하1층 
호프/통닭,서울특별시 종로구 창신동 635-8 
호프/통닭,서울특별시 종로구 관철동 19-12 1~2층 
호프/통닭,서울특별시 종로구 명륜4가 70-3번지 
호프/통닭,서울특별시 종로구 동숭동 1-55번지 
통닭(치킨),서울특별시 종로구 평창동 66-72번지 안성빌딩 103호 
호프/통닭,서울특별시 종로구 공평동 18번지 
통닭(치킨),서울특별시 종로구 창신동 635-8번지 지상1층 
호프/통닭,서울특별시 종로구 효제동 308 
통닭(치킨),"서울특별시 종로구 내수동 72번지 경희궁의아침3단지 167,168호 "
통닭(치킨),서울특별시 종로구 창신동 582-17번지 지상1층 
호프/통닭,서울특별시 종로구 동숭동 1-48번지 지하1층 
호프/통닭,서울특별시 종로구 돈의동 84-2번지 
통닭(치킨),서울특별시 종로구 명륜2가 186-2번지 
호프/통닭,서울특별시 종로구 창신동 265번지 지상3층 
통닭(치킨),서울특별시 종로구 숭인동 192번지 지상1층 
통닭(치킨),서울특별시 종로구 창신동 130-66번지 
호프/통닭,서울특별시 종로구 숭인동 66-3번지 지상2층 
통닭(치킨),서울특별시 종로구 동숭동 1-91번지 
호프/통닭,서울특별시 종로구 신문로1가 31 2층 
호프/통닭,서울특별시 종로구 명륜2가 177번지 
통닭(치킨),서울특별시 종로구 관철동 14-7번지 지상1층 
호프/통닭,서울특별시 종로구 효제동 165번지 
호프/통닭,서울특별시 종로구 종로6가 205-3번지 
호프/통닭,서울특별시 종로구 종로5가 121-6번지 지하1층 
통닭(치킨),서울특별시 종로구 무악동 67-2번지 
호프/통닭,서울특별시 종로구 익선동 57번지 
호프/통닭,서울특별시 종로구 관철동 6-5번지 
통닭(치킨),서울특별시 종로구 명륜3가 2-24 (지상1층) 
통닭(치킨),서울특별시 종로구 숭인동 217-19번지 지상2층 
통닭(치킨),서울특별시 종로구 무악동 46-915번지 
통닭(치킨),서울특별시 종로구 명륜3가 53번지 
통닭(치킨),서울특별시 종로구 창신동 583-30번지 지상1층 
통닭(치킨),"서울특별시 종로구 혜화동 166-3번지 지상1,2층 "
호프/통닭,서울특별시 종로구 종로5가 214-6번지 
호프/통닭,서울특별시 종로구 종로1가 24번지 지하1층 B118-3호 
호프/통닭,"서울특별시 종로구 내수동 73 경희궁의아침4단지 B133,B134 "
호프/통닭,서울특별시 종로구 돈의동 94번지 지상1층 
호프/통닭,서울특별시 종로구 효제동 249-1번지 2층 
호프/통닭,서울특별시 종로구 가회동 70-2 지층 
호프/통닭,"서울특별시 종로구 종로1가 24 르메이에르종로타운 지상2층 213,214호 "
호프/통닭,서울특별시 종로구 관철동 13-13 종로코아빌딩 3층 
호프/통닭,서울특별시 종로구 통인동 46-41 1층 
호프/통닭,서울특별시 종로구 효제동 123 1층 
호프/통닭,서울특별시 종로구 인의동 46-1번지 1층 
호프/통닭,서울특별시 종로구 종로5가 45-1 
호프/통닭,서울특별시 종로구 낙원동 55-1 
호프/통닭,서울특별시 종로구 숭인동 218 1층 
호프/통닭,서울특별시 종로구 연지동 85 
통닭(치킨),서울특별시 종로구 당주동 5번지 지하1층 
통닭(치킨),서울특별시 종로구 창신동 84-3번지 (지상1층) 
통닭(치킨),서울특별시 종로구 묘동 201번지 (지하1층) 
호프/통닭,서울특별시 종로구 부암동 208-39번지 1층 
호프/통닭,서울특별시 종로구 옥인동 37번지 지상1층 
호프/통닭,서울특별시 종로구 명륜3가 53 지상1층 유림회관 14호
통닭(치킨),서울특별시 종로구 내수동 74 광화문시대(102-1호) 
통닭(치킨),서울특별시 종로구 내자동 112-3 지상1층 101호 
호프/통닭,서울특별시 종로구 종로5가 45-3 1층 
호프/통닭,서울특별시 종로구 도렴동 150-1번지 
호프/통닭,서울특별시 종로구 명륜4가 53 지하 1층 
호프/통닭,서울특별시 종로구 종로5가 182-8 2층 
호프/통닭,서울특별시 종로구 창신동 20-40번지 (지상1층) 
통닭(치킨),서울특별시 종로구 명륜3가 2-37번지 
호프/통닭,서울특별시 종로구 창신동 633-6번지 (지하1층) 
호프/통닭,서울특별시 종로구 혜화동 74-38번지 
호프/통닭,서울특별시 종로구 교남동 27번지 
통닭(치킨),서울특별시 종로구 종로5가 98번지 
호프/통닭,서울특별시 종로구 관철동 12-5번지 
호프/통닭,서울특별시 종로구 동숭동 1-37번지 4층 
호프/통닭,서울특별시 종로구 수송동 58번지 두산위브파빌리온 142호 
호프/통닭,서울특별시 종로구 당주동 160번지 지하1층 6호 
통닭(치킨),서울특별시 종로구 숭인동 766번지 청계힐스테이트 단지내상가 나동 101호
통닭(치킨),서울특별시 종로구 창신동 440-6번지 
호프/통닭,서울특별시 종로구 창신동 330-5번지 2층 
호프/통닭,서울특별시 종로구 창성동 109-2 지상1층 
호프/통닭,서울특별시 종로구 동숭동 50-42번지 지상2층 
호프/통닭,서울특별시 종로구 혜화동 185 중원빌딩 505-1호 
호프/통닭,서울특별시 종로구 창신동 436-73번지 지하1층 
호프/통닭,서울특별시 종로구 효제동 268-2번지 지상1층 
호프/통닭,서울특별시 종로구 신문로1가 238번지 신문로BD 지상1층 
통닭(치킨),서울특별시 종로구 평창동 66-32번지 (지하1층) 
호프/통닭,서울특별시 종로구 낙원동 196번지 지하1층 
통닭(치킨),서울특별시 종로구 혜화동 15-44번지 
호프/통닭,서울특별시 종로구 숭인동 1388 1층 (109호) 
통닭(치킨),서울특별시 종로구 창신동 583-19번지 지상1층 
호프/통닭,서울특별시 종로구 내수동 95 파크팰리스상가 105호 
호프/통닭,서울특별시 종로구 청진동 191-1 (지상1층) 
호프/통닭,서울특별시 종로구 연건동 45-2 1층 
호프/통닭,서울특별시 종로구 낙원동 210번지 (지상2층) 
통닭(치킨),서울특별시 종로구 연건동 139-2번지 1층 
호프/통닭,서울특별시 종로구 누상동 166-161번지 지상2층 
호프/통닭,서울특별시 종로구 홍지동 91-3번지 
호프/통닭,서울특별시 종로구 명륜2가 188번지 지하1층 
호프/통닭,서울특별시 종로구 충신동 188-14 (지상1층) 
호프/통닭,서울특별시 종로구 팔판동 97-2 지상1.2층 
호프/통닭,서울특별시 종로구 명륜4가 16-1번지 3층 
호프/통닭,"서울특별시 종로구 명륜2가 41-9번지 (지상8,9층) "
호프/통닭,서울특별시 종로구 관철동 7-11번지 지상 3층 
호프/통닭,서울특별시 종로구 종로2가 8-4번지 1층 
호프/통닭,서울특별시 종로구 명륜2가 202 
호프/통닭,서울특별시 종로구 숭인동 1198 (지상1층) 
호프/통닭,서울특별시 종로구 관철동 180번지 스타골드빌딩 
호프/통닭,서울특별시 종로구 무악동 45-379번지 (지상1층) 
호프/통닭,서울특별시 종로구 종로5가 182-2번지 2층 
호프/통닭,"서울특별시 종로구 혜화동 178-1 2,3층 "
통닭(치킨),서울특별시 종로구 숭인동 72-70번지 지상1층 
통닭(치킨),서울특별시 종로구 명륜3가 16번지 (지하1층) 
호프/통닭,서울특별시 종로구 낙원동 82-3 
통닭(치킨),서울특별시 종로구 통인동 147-2번지 (지상1층) 
호프/통닭,서울특별시 종로구 돈의동 10번지 지상1층 
호프/통닭,서울특별시 종로구 관철동 11-24번지 
호프/통닭,서울특별시 종로구 숭인동 200-8번지 3층 
호프/통닭,서울특별시 종로구 창신동 263번지 지상3층 
호프/통닭,서울특별시 종로구 창신동 580-7번지 
호프/통닭,서울특별시 종로구 효제동 65-2번지 
호프/통닭,서울특별시 종로구 명륜1가 16-31번지 
통닭(치킨),서울특별시 종로구 신영동 44번지 지상1층 
호프/통닭,"서울특별시 종로구 당주동 145번지 롯데미도파빌딩 지하52호,53호 "
호프/통닭,서울특별시 종로구 숭인동 226-2번지 지상1층 
호프/통닭,서울특별시 종로구 종로4가 5번지 (지하2층) 
통닭(치킨),서울특별시 종로구 당주동 171번지 1층 
호프/통닭,서울특별시 종로구 신문로1가 58-1번지 외3필지 
호프/통닭,서울특별시 종로구 원남동 225-4 지상1층 
호프/통닭,서울특별시 종로구 충신동 2 지상1층 
호프/통닭,서울특별시 종로구 숭인동 682번지 
호프/통닭,서울특별시 종로구 평창동 299-1번지 (지상1층) 
호프/통닭,서울특별시 종로구 명륜1가 97-5 2층 
호프/통닭,서울특별시 종로구 숭인동 189번지 (지하1층) 
통닭(치킨),서울특별시 종로구 혜화동 143-2번지 지상1층 
호프/통닭,서울특별시 종로구 통인동 141-2 지상1층 
호프/통닭,서울특별시 종로구 명륜4가 72-4번지 
호프/통닭,"서울특별시 종로구 익선동 148번지 지상1층, 1호 "
호프/통닭,서울특별시 종로구 평창동 151-2번지 지상1층 
통닭(치킨),서울특별시 종로구 창신동 266-2번지 
통닭(치킨),서울특별시 종로구 창신동 582-3 지상1층 
호프/통닭,서울특별시 종로구 동숭동 1-87 2층 
호프/통닭,서울특별시 종로구 돈의동 166 1층 
호프/통닭,서울특별시 종로구 관철동 11-1번지 
호프/통닭,서울특별시 종로구 낙원동 158번지 1층 
호프/통닭,서울특별시 종로구 창신동 580-3번지 
호프/통닭,서울특별시 종로구 평동 43 경희궁자이 3단지 
호프/통닭,서울특별시 종로구 관철동 14-8번지 
호프/통닭,서울특별시 종로구 명륜1가 15-1번지 
호프/통닭,서울특별시 종로구 효제동 233-1번지 
통닭(치킨),서울특별시 종로구 무악동 46-1419번지 지상1층 
호프/통닭,서울특별시 종로구 명륜2가 21-9 
호프/통닭,서울특별시 종로구 명륜2가 222 
통닭(치킨),서울특별시 종로구 숭인동 766번지 
통닭(치킨),서울특별시 종로구 숭인동 1410 (지상1층) 
호프/통닭,"서울특별시 종로구 체부동 30번지 (지상1층,30,31번지) "
호프/통닭,서울특별시 종로구 관철동 19-1번지 4층 
호프/통닭,서울특별시 종로구 혜화동 190-1번지 지상1층 
호프/통닭,서울특별시 종로구 낙원동 55-1번지 
호프/통닭,서울특별시 종로구 동숭동 1-114 (3층) 
호프/통닭,서울특별시 종로구 종로5가 332-14 
호프/통닭,서울특별시 종로구 명륜4가 59-3번지 
호프/통닭,서울특별시 종로구 숭인동 390-1 
호프/통닭,서울특별시 종로구 명륜2가 142-2번지 
호프/통닭,서울특별시 종로구 명륜2가 21-26 
호프/통닭,서울특별시 종로구 숭인동 396 
호프/통닭,서울특별시 종로구 창신동 80-3 
통닭(치킨),서울특별시 종로구 관철동 11-5번지 
호프/통닭,서울특별시 종로구 충신동 27-17번지 (지상1층) 
호프/통닭,서울특별시 종로구 충신동 35-9번지 지상1층 
호프/통닭,서울특별시 종로구 구기동 110-7 지상2층 
호프/통닭,서울특별시 종로구 숭인동 1399 지상2층 
호프/통닭,서울특별시 종로구 동숭동 1-60번지 
호프/통닭,서울특별시 종로구 낙원동 159 (지상4층) 
호프/통닭,서울특별시 종로구 명륜2가 184번지 지하1층 
호프/통닭,서울특별시 종로구 관철동 42-4번지 지하1층 
통닭(치킨),서울특별시 종로구 창신동 580-3번지 
호프/통닭,서울특별시 종로구 인사동 99번지 (지상1층) 
호프/통닭,서울특별시 종로구 창신동 464-8번지 
통닭(치킨),서울특별시 종로구 명륜4가 90번지 
통닭(치킨),서울특별시 종로구 청진동 191-2번지 
호프/통닭,서울특별시 종로구 관철동 14-3 지하1층 
호프/통닭,서울특별시 종로구 숭인동 190-1번지 1층 
통닭(치킨),서울특별시 종로구 관수동 68 지상2층 
호프/통닭,서울특별시 종로구 종로5가 193-11번지 (지상2층) 
호프/통닭,서울특별시 종로구 내자동 1-2번지 1층 
호프/통닭,서울특별시 종로구 창신동 20-10번지 
호프/통닭,서울특별시 종로구 숭인동 177-2 
통닭(치킨),서울특별시 종로구 동숭동 1-83번지 
호프/통닭,서울특별시 종로구 명륜2가 211번지 지상4층 
호프/통닭,서울특별시 종로구 관수동 89 지상 2층 
호프/통닭,서울특별시 종로구 창신동 498번지 (2층) 
통닭(치킨),서울특별시 종로구 내수동 95 
호프/통닭,서울특별시 종로구 홍지동 46-1 지상1층 
호프/통닭,서울특별시 종로구 원남동 225-6번지 지상1층 
통닭(치킨),서울특별시 종로구 평창동 596번지 
통닭(치킨),서울특별시 종로구 숭인동 759 1층 
통닭(치킨),서울특별시 종로구 혜화동 74-38번지 
호프/통닭,서울특별시 종로구 관철동 19-6번지 지상2층 
통닭(치킨),서울특별시 종로구 누상동 32-2번지 지상 1층 
호프/통닭,서울특별시 종로구 평창동 301-1 
통닭(치킨),서울특별시 종로구 교북동 101번지 
호프/통닭,서울특별시 종로구 평창동 195-1 
호프/통닭,서울특별시 종로구 평창동 150-5번지 
호프/통닭,"서울특별시 종로구 청진동 92번지 지하1층, 그랑서울 107호"
호프/통닭,서울특별시 종로구 명륜2가 150-2번지 지상2층 
호프/통닭,서울특별시 종로구 명륜3가 1-1145 
호프/통닭,서울특별시 종로구 창신동 391-6 
호프/통닭,서울특별시 종로구 돈의동 34 
호프/통닭,서울특별시 종로구 동숭동 25-5 
호프/통닭,서울특별시 종로구 봉익동 12-8번지 
호프/통닭,서울특별시 종로구 청진동 70 그랑서울 제타워1 309호
호프/통닭,서울특별시 종로구 낙원동 58-1 종로오피스텔 101~103호 
호프/통닭,서울특별시 종로구 관수동 26 
호프/통닭,서울특별시 종로구 홍파동 199 경희궁자이 2단지 
호프/통닭,서울특별시 종로구 돈의동 37번지 지하1층 
호프/통닭,서울특별시 종로구 청진동 209-1번지 양지빌딩 5층 
호프/통닭,서울특별시 종로구 동숭동 1-92 (태원빌딩 3층) 
호프/통닭,서울특별시 종로구 관철동 14-3번지 지상 4층 
호프/통닭,서울특별시 종로구 연건동 197-6번지 
호프/통닭,서울특별시 종로구 동숭동 1-87번지 
호프/통닭,서울특별시 종로구 명륜2가 161-10번지 지상1층 
통닭(치킨),"서울특별시 종로구 명륜2가 33-2번지 지상1,2층 "
호프/통닭,서울특별시 종로구 숭인동 1248 
호프/통닭,서울특별시 종로구 무악동 45-19 
통닭(치킨),서울특별시 종로구 관철동 13-1 (지상1층) 
호프/통닭,서울특별시 종로구 청진동 246 D타워 
호프/통닭,서울특별시 종로구 창신동 130-70 동광그린빌라 제지하3층 제3비01호
통닭(치킨),서울특별시 종로구 숭인동 56-42번지 중앙빌딩 1층 
호프/통닭,서울특별시 종로구 공평동 17 (지상2층) 
호프/통닭,서울특별시 종로구 교남동 47번지 (지상1층) 
통닭(치킨),서울특별시 종로구 창신동 23-74번지 지상1층 
호프/통닭,서울특별시 종로구 동숭동 1-96번지 4층 
호프/통닭,서울특별시 종로구 효제동 65-2번지 지상2층 
통닭(치킨),서울특별시 종로구 창신동 583-19번지 (1층) 
호프/통닭,서울특별시 종로구 통의동 67-2번지 (2층) 
통닭(치킨),서울특별시 종로구 봉익동 8-1번지 (지상1층) 
호프/통닭,서울특별시 종로구 부암동 208-39번지 (1층) 
호프/통닭,서울특별시 종로구 중학동 14번지 트윈트리 A동 B202호 
호프/통닭,서울특별시 종로구 소격동 144-6번지 
통닭(치킨),서울특별시 종로구 명륜2가 184번지 
호프/통닭,서울특별시 종로구 통인동 94-1 
호프/통닭,서울특별시 종로구 낙원동 232 
호프/통닭,서울특별시 종로구 창신동 438-14 
